wallet_address,hybrid_score
0x1954c8cd151de0d0946fcc1e8a97545f711e2380,78.69542030266183
0xd84e11bee5d555ccd905817cb8cbbd5b6e6c4f0d,78.55442121358917
0x89ff1c432d8adf7b4777117f91d58d4b64595ca7,77.98638835724329
0x03e3702d91098350d057ded0a05095f703bba2e7,77.66530803258868
0x7ef5774cb1cb4a6829a85738d4c6956e2edc5be4,77.5933104746309
0xcf23abf7047685fb020ea16ee4feea3a195edcff,77.44745656982295
0x3173acd056c8d6bb3ec849d3f6ffa90b8fda208b,77.31893946400112
0x879aff2c8d6e2f42f05441c4ae999e7815770bbd,77.11834248165147
0x9939d74f7cc25f93dced7c9fa2cb8c76897f21fc,76.68391416713678
0xfdd43923340736ffbcb31c808ac644922c1df05d,76.62007495650073
0x033e9b12438f95cdbe9170f313367f4c614c5fd4,76.4855035105713
0x8e2b4f283e3828b41343c4b24549b5a5b36b6632,76.2696899686957
0xab95a0fb53df696a492a93f30fa126bde2493043,76.26381760743327
0x01b29eb97ec05b81abd72b77035d99dc1b482c1a,76.04455796630342
0xe82941e727d84f99329b94381e67a94524963d05,75.96941837427556
0x520cf366149d9226f3fdfd876916ff8509418f80,75.85066252129772
0xa1bd817e13ed6bb524ed491cff76c83afec773ac,75.71425046384087
0xca3ca50903338747931380f363cca226b760c9eb,75.65161728082066
0x96c8e2a1eab72eea758b6694fb2217c4118bb803,75.63059284795142
0x852d0f03389681cb713795648bc157e878562786,75.63000997064191
0x61f9f97700d391d875fa14e020bd6f1e862ca10b,75.610530421192
0xf9c5384c9711dfd958e27856fb4640a8ad660def,75.50678151280289
0xc209cc607c81ca7d8c0bfca7bfd6144c74a7e238,75.39564597423357
0x16ad4e68c2e1d312c01098d3e1cfc633b90dff46,74.99277271183445
0x134d7706f8f542f611a785cf30c693df302f4f24,74.87941254985842
0x3861a3c9c3362a5276ea59be4707ce5700b9c304,74.84948278020639
0x40d83d66673ec330c3cdb45b6ac9eb884d262a71,74.8108629886631
0x26d8f0909a9bb3a1758024c90e8fd87f5d24d65f,74.6401586858461
0xb027257430f0e4dc0fad2184ff4b415761e8db20,74.61813412919605
0xe1447914f234eb30f8725b2f564e60a655e39cc0,74.56144016108945
0x4c77ca7ff8e548806fdc88e4dfa8ea1e493a450a,74.36556720781917
0x0a719a1c3d997ee54ee317dd02617ed7edb53e00,74.28195519213085
0x09ae8298fb048e0c7b12f6ac0d38c6f0a2430e0b,74.14059389850297
0x7c65eeefff2b7127df173b43b7c93b93ab75c7e7,74.08190575849778
0x14c45cd15d33eaa8aa149e3ca0e6924db143b08c,74.03770696665589
0x204d363bed977942e9ee1dbb24ad940b16cc02db,73.82845247542127
0x61117012f9fb63cf0e7c688c76bfc874db3c6874,73.7372030149618
0x3c019229b2dc7fac4b725040c86d12aac48e31d3,73.72564833281555
0x53c3f93d5146b3c1dde50d20e6f0422747fb5b7b,73.67862811159245
0xb06068f25c6b6944593a91d36a8e4f88985dd846,73.56144963837383
0x8f9e6dd01128cc3c148902ebfa648bfcb68ad1ce,73.52064638825976
0xe7dfe56bfaa4ea4498ddd9afc3f4d35631def18a,73.4888687378399
0x6cbbd5d5e3f71280a568823adee4b18cc1be5e32,73.48178449251324
0xedfbdcacb9646e3c017321bfbc8c1bf82a8fc12f,73.4483758045329
0xac79d6385ee06048665d619e63840d1168afa7e6,73.26868888440315
0x2cede2b6caa201978cfc0c46058e471bce349c7c,73.24747426347002
0x2b354cfa9170febc4829d499af094c70c7920334,73.23805434230434
0x8b221a3b1b2675ab9e836904fb55742dc57b32ba,73.22843241018498
0xa36b808d080ad39d93b861599ff7ee7ff17bcaf3,73.1324375498292
0x540b3f3705ea15a75f759c74fa046dbb47d08981,73.12768185231663
0x98e28650cf30e5aa1b7e9cdb258522ec3cb57614,73.1205030889181
0xcb9b091ded976546a20a409823dd6f5f092ffd86,73.01662963208764
0x3977504a7240f400d608f5b1c7f7299556b284c9,73.01614025263757
0xb3b1cf4a37a5ad7a3cea9d5b652ab106c9576b8a,72.84408733476907
0x59eb9490e65680eee103736e489b35ef57a3125d,72.82054386871349
0xa4b5173309ac878db01dcea2b230cdcbc2cf6312,72.81080526926559
0xba333f8ff556bf35d38e102a98daf1c5f6d9d708,72.77187500320912
0x8985aebdb1adf244f1f3f8ad9ff89b8a045b5319,72.64977999333915
0x66215d23b8a247c80c2d1b7bef4befc2ab384bce,72.61795401551382
0xe2dcc6b25c17238c63a0faaa992fe949dc5d9e9e,72.57875881491199
0xcfe638ac45cc776cda727b3d388bc7bf0219523f,72.54917319617851
0x76e004cde65cb496387e9d7ff0b7150812d877a2,72.5289381502005
0xd7cd6143f331ab7688c0e4ab41f663c3c0358b27,72.51228738670609
0xf1394140fe0982e40fa9a9846e7c5b0842cece56,72.48136310890413
0x56c935cac3d870b385724cae5eb8eea1505c777f,72.35044684382213
0x99a70bbde9d02d1855a0148b95962ba037f133ac,72.30574432213763
0x7e07df4494d448171991604cca6ff9f4fa187178,72.27743937002936
0x029d68ff4b05fc4102d8caa77e28c585a32cdd16,72.22498937493884
0x8ea7777724b5e74d7904a2ffc3a3dd1d0ab04fc4,72.20399029835372
0x4b3a7af8c712d2bd0068f012a9426d2dc1073d2c,72.19047432453894
0x24a8c6a987c8249bf507dd7638bd832b11a5b65c,72.18339753693692
0x0db5faedf553fe294e1ebccfba24317f672b234d,72.05109159386532
0x98390dc74aa2195174d937c92ec69bdf7e74bb6c,72.0327621595033
0x5a9c80f8af323177a03037674157d4120cc1f28b,71.97825256291321
0x8e5f314bef229024e317a2cbff843b56f87fb7d0,71.9763261974336
0x4d5c8e9f3cedd850f5bd017fef11a8f78c955c07,71.85570347365592
0x19f45ea63b9d9b864ae2eee603e7b106df875754,71.8164739685312
0x66baa8528eb116fd928cc12a7f428fce202e2b09,71.80296917429894
0xea398010f27e03b33cb022d076a41978561e845d,71.71818561168647
0x911809517285207390bcba7a73c717cdd6138bc0,71.71555223929587
0x178662db0ea4aa03f3fef01b869627529ae2fa32,71.67581534121193
0xf16d75faa453755891196fdc08819bc5527d5806,71.66796735951793
0xe34499e72176bc4ef70f32506380d9242e11a6e2,71.57356800792482
0xcc896ace93c88746ec7dd09e1fc54ffe27fe66cd,71.56241752880734
0x8877bcb2223682048badd5b09b7ee5a8fa2f3424,71.51441451335793
0x92be89852867b06d8f77e110d95e7e5dad2f5359,71.47303354580075
0xc608abab7762e4b14b5693d8aeb4e848551a0c9b,71.46571453294598
0x60c514df3dd8bda1d67ca0f6e2d9184f4aefb279,71.45376367320696
0x0372c7bfbb5b38699d954faee540d6b90cafc877,71.45042554566365
0x5f16e88a1075b6ce24b90ad8315f75772704a40b,71.4216943432171
0x6060ea8c8475d22450a09824bf53795ad08a61c5,71.36100229066815
0xcd47c8194c0ea6b938327cb82b4f5b9aa0941c61,71.24537794617625
0x23d9ca8328b8630c08f72501bf3950462f3f5456,71.1325321264309
0x41b96e9c6758d12a7a1f67952466b2e104532604,71.03508393624801
0xbba03ac718c1e7951c3e21bb7b8160fa0c130651,70.96850017717665
0x4adfc40e1da6d62d93ff2d650be536c969af550e,70.93521238833219
0xa1ed93bf44ba35f1e8ebfb4d104a0e109337a5aa,70.92615640404141
0xd593193c672f5a8f999c0f3c8f2f46521fe84691,70.9071035170364
0x8526b4b58dbe41529237e623ab5867cfb50b7ccf,70.86994232701267
0x8576ca154ee0a593dbab81b9684634a572799f98,70.83893687210576
0x32a4edb6edf93286fdfd6ea485d02d6a7baf4c1b,70.80073190784863
0x520ef574f275bb54bac66781834a3ee20e9b6e3c,70.682489847222
0x9d14f0096d3a7b5090b0e08860834684d48b021d,70.62516446615045
0xbeaca5032834a805bd822c3c109fa8f3513f5eaa,70.54785714516136
0x1f35415acc8cc68108face8b5d607293bad6315e,70.54330256591344
0x98d29f6b55b59cef1d6c4c9f9b065302989d23d1,70.52824714604269
0xc2591ca855f201ffe773a3d9223031940ed04af3,70.50738125265246
0x43860346fcc6e32d26329ca4cb20ffae54c803d1,70.50359247550693
0x3b69a28e73eebdcc708448d211a2cc39f30c2e78,70.49738098833204
0x8233b9df7afc7057dd3f670b81f394ff21bbbd08,70.46812910095213
0x3660581fd4bce34ae6d9d29f619e9561564f20ea,70.42535121742242
0xcca5b555ecb991acda36a73f4f2a0e89bb68999c,70.37266060158426
0xacec78653275b9a220ed2ec7714d52d633d10a16,70.27375711870617
0xbb6d1a9ca8e7f56a385c0808e68627d93193dcdc,70.26725207141607
0xfff801e0bf28c9582420eeec66830c69c5670159,70.2515759638788
0x260f2c7873d0bb7646e9a73fdedefe15a3b9405c,70.23920154467027
0xeb97d37bb6cd268ddb25e67cfbb9b3f7468db46c,70.19770127123621
0xc18926cb21791bfbc2c8b5b80fdfe68a6757d819,70.12159091638227
0xe80d953d0b4f2931549473e803c95f559b6ea58e,70.0621925068628
0xd894c048c27469ee7a573327382be9f4ce54414d,70.00766243728211
0x23732c68e444c09fca1c139d9e90a58217560224,69.97593015354462
0x77eb9812a8d380f63478211e011ee289d19931bd,69.89138957171997
0xe586c8ccb29944f458104c7acbe4ca48122da895,69.88451349052264
0x91351a04b3365808518d22db2884d3c288a4bbd1,69.88440353895902
0x535574b576dc7057efda800056a257801e33632c,69.87357135847775
0xf17871042913d86d93d3ad7c5c5ccc5bd60cb5ac,69.86115991264194
0xc28e23e7d7d6cc0c9c6f08146c71e7d168cae45a,69.85780379151558
0xfeb79a4e213906571c20b6d6a1a3dc45d8355c1d,69.83992792147083
0x37963907072ca1db9fa5b207f323a69f0f454fa7,69.81947484644846
0x34456a0a60af4afd40b20430e19bae1f3338504f,69.79292349071355
0x3cc228f907bc37cbfdc1e415d2129d68aa3c4864,69.7484710304909
0x1e105686de9d256eb107e1c25114088076199bde,69.67571963788617
0x7909c2883db0f3a7c2e36c19db241aa238a8be7a,69.6346538663965
0xe264d4f4169ec460c86019b94e390d3957135b6b,69.62106426131956
0x549750e6b5b40e627365bdcf7f7780dbfde113a4,69.61950697400617
0x64b3122c293e301f9f1dfda823bdc6395d924129,69.61677169386797
0x0974483eb297472e469bf61ca7d936e859e90f74,69.61176372256463
0x5d6f8cda086a0837cdaf10e941f3d1d5e3e5531a,69.60278393824456
0x285d23ea20ab8138e63889669b091704a1787278,69.48998549777801
0x6ea1eadb60d3c33113862035cf99fdc3854ca85e,69.47549559991828
0x1699bcca0cb5ee41049d5e3cbff75c31bc0f15cb,69.46950096526861
0x0b9b7a99308064bf1238dff693237429844fa623,69.44211479130675
0x750d0162291a09397fcd46c75355a531c83ba26e,69.4420417404457
0x7077c42d295a5d6c6f120ffa3c371ffaf0a0b79a,69.3324910702537
0xf8e562f4f30c5dda0978857067d6585265da3437,69.3222494506278
0x3b38df411221126688b7ca4cd3b5c08144e558e5,69.2982656435326
0x7bbfef4689f03f632ca46382c0cefae4e8ce7bf0,69.26102536224626
0xb32a3c94556cf525e8ca749515762fd04d9525a3,69.19687024745842
0x18456bfb605e238af478e4af64bf5a2b5304a31e,69.10719552421573
0xb587e5af7d7131d5c0de77efda2979951dd6889c,69.10137974063136
0xfed42cf9afb5ac6ae4d5d2554d28e4116b8c1db4,69.09440016041897
0xd3609aee138dec27fb63395dc58b5f0c7ab701f2,69.09007249124716
0x4a7bd2969415426e7a08527ba262b8e8ac387003,69.07457662452659
0xaf7f2ee8a6ddeb1e4b0fbdc8b0ed294e0a8bf1ec,69.05148733399741
0x87363ff605598806db84d53e0857f6b43e504d1c,68.96080355779188
0x76df523a0b0ad72db265a893b0bead827697955a,68.95065804940882
0xdf63be2e473ba04c26b1609e51d08cf0d78e0913,68.93647466339307
0x0215c1aa89283d755c6a79d99153b907dcfa73a4,68.9229879220915
0xed68be0e6c90ddbcab9b037afb93c4b9335a9b3d,68.92079993432134
0x8662f71896d5770e2991a2e6fc1836c5c5ba3a67,68.92041567810065
0x35e86d472d1a2e37b9dbaab9677230605c6624b0,68.91574817885623
0x99cd4625a58c27df7616fd4e5caba5803a875cfd,68.91415269283402
0xe25b6d71bab6d363de5a5d20fbfd6e507760d3d0,68.89788936114056
0xb0dc796dd37e369121a092e8fd88f09a10a82cd0,68.81053252594272
0xc995efb947a111a136f12585c5fa49a251b379d1,68.80787973954759
0xe1b0e71dfbf82eb2521ed94508e9b0b6eed6a634,68.7944662383847
0xc64737eae97ae7cfd95b40ff690f50d01b92ed6d,68.76025822060467
0xbabe31056c0fe1b704d811b2405f6e9f5ae5e59d,68.74525574364884
0xc4ffed5198aba912b1f9b6890779702c78062c44,68.72954124978247
0x46a0b4fa58141aba23185e79f7047a7dfd0ff100,68.72688945956249
0x124e1fafcadc2c017a17b4bbbbfff3867b7dee35,68.66793529361813
0x0808898d835d51d720e384e8a856a2c671e78f21,68.64940210770581
0x3a6d6e5e4b8c3e9bac29ed12c4243377e64f9b4a,68.63313363667197
0x6a29b1cdcacca805ae635f7d01db74b5be58d663,68.63249802188858
0x4f5c0754c5f90e722d78964644bd29687b87c584,68.61853115908863
0x8c1b091ab7dc0c08117b8be040d57d78fac8237d,68.6154172544522
0x82393d1ba28d5ce715b18cbe16b882d5980b5288,68.60481195545094
0x522b8a809836a42374b6b34772767cb62fd1e272,68.58642922780533
0xd7a5d688b07a997fdee9896289f9d7d0f02c1f74,68.47790753276445
0x280ab19aa0919d9eaca064dc949081defb0d2034,68.47559221568757
0x17d0cc96e6538b52f16c3ed03a2d3e6dd91bc50e,68.47401295950891
0xa486f09bfcf38735a9572958aa164692286652fd,68.36784431875631
0x879c2ee5adc372d0542d65d80ebfe647ac1a5f10,68.35839245299738
0x30caf91380d5911d417f5dada36f145897bc7f72,68.28473314982324
0xa87259f8e14364953d91f8541a7ba0b32e5e7008,68.28005150825464
0x5cb7290485dacee87e884dd751c4a3950fe41457,68.2413736688735
0x856b762d46274ef1d696103e5fb2af2afee91ecb,68.238132853059
0xec3281124d4c2fca8a88e3076c1e7749cfecb7f2,68.2221447864851
0x06d57af6792edf066046aaf958d92ae5558e0e56,68.22088896424135
0x4b2acb5a7fcfee322ce3cd8344ea466954fde7db,68.21561340161526
0xbddf6cf9c825b319aef8fa3e6f8c7afbb4aaad22,68.16362876412217
0xf5fb8fa41f90df3ed2b3caeaaee64d5da26b68e2,68.11669444555699
0x964ad9e178184fc3865976dc7d3cad8eb1b373e3,68.11586446118726
0x5040baebb06a7699867574db0945f9c629b8b2be,68.09397543937956
0x003c52a71c887461087154eccced08cb1c5384a5,68.08335780688056
0x6169f1dc3375a38f9181651fecb26549a4498807,68.07737037095275
0xe1c8917a4f45d50c6a66cd82a3f37f1a7d798746,68.03492696024338
0xf5c7231632aa9b344093d82deb864fa1c00b8bde,68.0276902534876
0xf3f65a1862e8f4cf1b3f7b418ac45ef3084bd95c,68.02586075010402
0x2d29da8a41acea411189ae98ed73c9503e0dd4c2,67.96426450118372
0xc87968a7f12cbddb2a7f0a6df27b619cc5032859,67.96177355423737
0xa16946a605ddb755d3a5774b6124f97fed1bd1e3,67.94909435773079
0x0365901b575f4e62e1d4b573ec8165251ac2cbdb,67.92153356415488
0x009b6817807c332b9445f5c9cf2ac94631fe876e,67.8449904950568
0x1c14b84d365a821a5386ba82b69231736743fad9,67.81966279859643
0xa03143e4cb76e40a19885c5c6cf2964417acc394,67.81159529149849
0x00000000b1786c9698c160d78232c78d6f6474fe,67.80257464447246
0x68995e1d2830c8d3c5c5434eecdf286589dbedd9,67.80212415441544
0xc55206f5063500725876c79c6bd14872a822627f,67.79120390923168
0x8da5731881cb2cc502cf9e7e8e1a93a71907776f,67.78537235855946
0x6f45f069c49cfa308520482816700b21115be7a0,67.73769716891522
0x131b279aa732440f050f739f03e93d303688fd96,67.68122217515275
0x9e46ffd82439c6c6017541bd4ae9986b64eab5a2,67.65145212174554
0x5725e5a918eedc6f750ffac876230a09fdfabdd4,67.62321656987592
0x1303b9d1d5fdfb7d822c7e285de118280a4a17e3,67.61050208377932
0xc95be28595eb64485dac63ad14f15e41c94ee468,67.60458585315126
0xe8ee42b6f1673c5546905d177d57864720a74792,67.60304586790213
0x1c7c13756d70a3150caaddf10861eb11634d2731,67.59542324634623
0x1fcfd25b25ccead63665cf867f4f7cba3e75de64,67.5858013819902
0x3c87b4c34abdb615bd405458982e1a2076d24111,67.58234688213192
0xfdfbb7bb1a8c9170729e4da73c73bda3e85469a7,67.57750013059203
0xd6449ac214275493a8205e58107b1ee19353840e,67.55432317662903
0x2b19fde5d7377b48be50a5d0a78398a496e8b15c,67.50259418883039
0x1f5b671c77137e95026e71cbff71d7a6dbf72b63,67.43518240710125
0xebe8e5d92957c947bdcf9970fdb9898632fdca80,67.42699955480401
0x9c14b155d57962c26e66bd7fd9794cae483c6555,67.40939945620977
0xb5d70109847cbc4aef541f4ad19c741f8b3dbe1e,67.40486774057199
0xac2c932f8c2df20d7bc39fd97db7397eceb9cdb5,67.37701922713653
0x3a42a8819ba3b31ef391ae4b8eb77cf8273fe764,67.31103717523561
0x4654f56a64301b9b582f843f97332d96ead11ff8,67.24942868172585
0x992cdb5ce8803aa88a7b9345cdfb7c8ab3456d5f,67.2445084431514
0xe52b596cf340bd83d5171f666e97860abf871eec,67.24039848083183
0x9b770e4300084059fafbca51adf7a3177d30723c,67.2341454932541
0x565dcdcfe95b344d4fce2c649bc292625e5c20f9,67.20869808344749
0xe5998869c7ec6b901bc99eb4ea7c38fa5020f4e6,67.15908177077849
0x981c549a74dc36bd82fed9097bc19404e8db14f3,67.15726744327301
0xa218a8346454c982912cf6d14c714663c2d510d8,67.12790901198059
0xbf5b9bd197e9dbf3f2ce58e5b1c35b1bf383b5cc,67.11769835969596
0x98ba97483c3bc8d5f1ee4e961a55fe372c19f08a,67.09048149294182
0x6f3deba69e2083020da61c38387636231bcb012d,67.07475190231514
0x029720a9b3ce72f3e1d9c79257e1f19afe20b6c9,67.04076259352924
0xe46ef6511465e07573e83f98a4d6a9bda544c3ce,67.02224310872732
0x05ca63f5faa9d9a05aed565ae4d409d78b4792f1,66.98813863520512
0x10aa95a9a64b4a72af7f26ea92c737d99d0d5da8,66.96735348335389
0x0f3c2476fbf0ed09dff00ea7f4ef252dcc72e6f1,66.94990587536314
0x26b46c62a7ef0a545b8ce0f6f972da9394661bc9,66.94051968658002
0xc33d98e88682c883fe32b8f6620660692092d39f,66.92487874325289
0x4a05b10f49cabfec5c8d41b804fc6a7303efe02d,66.91664969891504
0xcd813bc6cc37214897d5bc60417abcf6901afa49,66.9096536679892
0x9d204c1988afeec88aca81c6af6d74833189e392,66.89448365246224
0x17d25a67781122e89bcaeba36a5c72a4aa809e4e,66.88492542319416
0x32802f989b4348a51dd0e61d23b78be1a0543469,66.82834217108663
0xd8a62ad8a7efa8a3267932d2e478c026566fbe34,66.8166607792291
0x7c4fe4a814d2915b792c9e1cd41b9176e8b79dc1,66.76842056882522
0xcd2af06081e11fde7e0fa1dfeb77e4d9fbeb7948,66.74982970421942
0x301951f9bd3e21e404dd2a99a225aa38e0947ba1,66.7490870027408
0x35fe24e9a15ff454de3bf05b1deaa830ec019eda,66.71602827504691
0x564cbde1252fd0bdc145062f7ea2ac976704b5f3,66.70503745922235
0x5211c6a1a55605e6e7a40ac75d85d11aa78875f4,66.67937843046761
0xb579d4f1546d51980499aa96a2e411be3e449197,66.66749372531548
0x8c606e6722bada4ee78147bb47acfff79f10eb50,66.64939854575687
0xbf7faf866f2a4a003216fa224fe75bd2737d86ff,66.6457519329041
0x285306442cd985cab2c30515cfdab106fca7bc44,66.61494697324143
0x6954644f7dae221ddb66eb59793ce5b6c0e2eec4,66.60137467792853
0xaef23ca0ebdfa98c036e724df028572bf89251e9,66.5986957780076
0x5dafafbd7acd662c909a9601120cf1d9f277e8ae,66.59366328727182
0x892b627053d23e7d65ea818b2d5018f526b90ae6,66.58620632244313
0x125f01528c157d362c3f42f2d817aec504c7e065,66.54353914725431
0xab8791b0ae982187b4fb4ae4612bd4c29ec6c110,66.53387599899152
0xe07e487d5a5e1098bbb4d259dac5ef83ae273f4e,66.52680233094584
0x7d8e6cfb1b8709139631cac4cc458f63611ffdf8,66.49967945378286
0x10f02f04d44497d3fb4a7197bdd9198098a63257,66.49800634974778
0xf43d5bdfbc71faf780af70e72631afe9d0dadcaf,66.49117637498252
0x95655aae7f5079ac99d640f5b3633156b41e7108,66.47702912491633
0xafd76547db46ba920b25f5d1a523897d401a130a,66.47448636396511
0x838b07f4304795cb5f9aa85dacf194765b3e469a,66.47099088407029
0x972723ab7c0121f8182b5f19a0015959fa776794,66.43281473917574
0x72c47b66738c20eec96c7184e881c035f29b3da6,66.4149528457332
0x9fb92708bf98d780b4dbe01f7da2456ba5a605ec,66.4099627883922
0xfde817c7a0770f42fb80b93dd7a538291c871765,66.39998584977212
0x1bb3e197a4aed56d65e7f837814687750615ba55,66.38003119004988
0x794dec90a3b9e399aad7839fa39c17a521977cdf,66.36698932570938
0x5a92bc71ff2cee03202db6b625cb074d588344bb,66.36421484293058
0x2cdaedb560b5b1ade8804f891c0e0e083209758e,66.35185646547828
0xae3c67b8aa12e458f2b4eafc0e9209710582c9d3,66.34802273940625
0x986a303e7c685440cb3d9f8041e619a18dc5461e,66.34173346731565
0xdcc896d48b17ecc88a9011057294eb0905bcb240,66.33632573950898
0xaa95db6b03738794b6478ccd08626ca5335f4517,66.30007424086028
0x1125917201ed36700f86c3cecec8c5dafae280d1,66.1662868865795
0x65b0bf8ee4947edd2a500d74e50a3d757dc79de0,66.1635493849798
0x641c0b2a037f81ce0414a830f479ac841e67d8b6,66.15933403316852
0x445c55b9a5338c45eea6f4cc9c1840883729a878,66.13921265758893
0x00e36307236118b7d5ff9e1fa3a2506fd5257b8a,66.09851765620387
0x85ab9229680699e53ef0dd2aef8d5342737c3a45,66.06618158609278
0xbbd6d2181d9ebcd98421cd336ace3db6984f4cdb,66.0552241348963
0x4f42bc7a649e136d5fa6966a4587ccf17306f980,66.0406882629953
0x3550aabed267d01c8a50f3649e3ef40374325b49,66.02549428392899
0xac6839669f1511c3a60020e42f2566d2eff0aed1,66.01733202598768
0x15fda64fcdbca27a60aa8c6ca882aa3e1de4ea41,65.99221890420885
0x64a8070811567783cf820225a11e5bba213322e9,65.9866576515892
0x6a84c6bff095d29d9618ea0b3fa6bacb37e640e6,65.96819911569219
0xf86a1a7b2e483bd79d135fb7728593ab95364a4d,65.94632379942573
0x39610340570b25e3fa140c796b89b64a13f19648,65.87742450510224
0xe826cf83f03732ea35eaf4cd9627d57529feca4b,65.87543730208938
0x0693dbf1800f64b7343c40c3d7e64223319e6d57,65.86583337733597
0x7fd6558b81ae5e2153f0ec30bbe5d22268f17e7b,65.84928208657088
0xcffb1a7b1560cf72d6f86eb3fc7252be6ff1e020,65.84827804479345
0x2ac4aed3a8295b967583a131f6214297f1ea531e,65.84585248089452
0xe18999d3f7e1a84e35bf9c15699b79e46eb44704,65.81851968282149
0x6a0c50788e462f322959a2458687096994d66316,65.81746162265546
0xf3ae4bb5691b9d45461cdcdd4becb0c9986a3237,65.80788195090713
0x650a4c05028d0cd1694f1ddd4c8b8c0b2a92e410,65.80261275826554
0x540467e4d66cea16598240ba82215f459c9b988a,65.79050221534382
0x33512591c26caa57040747a4524a5937876a7f76,65.78008273974984
0xd7bda9d89e4a518f376442393086b9798b3ac743,65.77755947781311
0x13dc08f5ddbcbfdf6ebc04c909c3052a2aa7a111,65.75059118772656
0xffa7370a03c2a91f5b1847a90750489d05f52fa9,65.69802555732801
0x6f968f62c8e627d5176371d75840d7ab5f04657f,65.64270434110205
0xd38849fa99901d9c949e2508b104350131fb11bb,65.62693198025153
0x0b3c69cd19831da372f682ca593668ce73afa537,65.62574901999761
0xdd7c40ad9dd3ba5708e3cc6deb90fcfc37933e09,65.624618935965
0xdc0938acd66f29a27c21aeac2f222ad0edcbc320,65.62020252737159
0xa8bf16be6829d8eb167b62e11517cd01623d7ec6,65.6037866632164
0xc57f71d926d86a2d8e36829126e2aa3db6784212,65.55532570032535
0x076dc71fe4adebbdeddc1eae9492d63e19395017,65.5336763001844
0x9a7f8374f79b01a49393b4d0f1280b64807757b1,65.51519791813746
0xcc79da4558487033f9ad7db928377fa747e93309,65.5007792008867
0xb6277cb5a2abd2b296c1d7f61a8f24c2d4942f9f,65.4585935305831
0x869a032b284481f4ad359ac75cd017eddee5c23c,65.43467383429262
0x19ee7696d2a71548a7f1fc9cef644460d7e73297,65.4257934098462
0xc4126a64c546677146ffb3f3d5a6f6d5a2f94df1,65.41048240113199
0x4becca336d9d7ab7aabddabc7985b26d683f15ea,65.40691830666461
0x926ae30cd32d5856529c13378a9ecc404904993d,65.36085544306908
0x7686c25eb06ecfcd5f30246e1ad118d57dc7f4fc,65.35481879264712
0xc64de5e0f97c21606e1f31426eb5c98ab729c08e,65.28833654330424
0x6f09ef3d1ece52e9c26e1ee2b004a93c7107ab0c,65.28335144805419
0x38f2cdd0ea4b38dbed40a36530313a5d89638858,65.23664780607311
0x958f5159b62a864419ee492008061fdef2e1f8d0,65.22313951112663
0x4ae2d8f46f73f246be7851b53d9bdaf0d836913e,65.2086856852066
0x361622264aed52ff036ff8314adff6657c4153e8,65.2071442528258
0xee2826453a4fd5afeb7ceffeef3ffa2320081268,65.20622676297887
0x1955c2b76b1cf245795950e75eb176080879da50,65.20416287288202
0xbfb7a43169b206e34d582f86c34e80347d170e2e,65.20359481700848
0xb435871b0959561226b4d903b1abf79528177e81,65.15934835151623
0x09f99809df6c952382d8d644154bb36974ab9504,65.14755871003409
0x860bd2dba9cd475a61e6d1b45e16c365f6d78f66,65.1446274990756
0xaaf4d001080b511df8ad90090c435ac1affc5a1a,65.12863710576136
0x1067eca4d06c0975ff56a7ccf3cce59d18f589b2,65.12275862116874
0xd6241e2a83044095ab2736528071dab88c0ccd77,65.1028050148015
0x49e325b1d06b6df1eb3a4fefd772f9ea58a3dda1,65.09383678039478
0xb5f17fbccaec1b6d429dd55a1b5fd38479e70df5,65.08930628284963
0x0636ec63b678f244ad2762fdfec0a0370677424b,65.08024610295362
0x1a6db538813dbfa63e1f19f8804447187b7d401d,65.07586363146811
0x3979f8fd1176e266c0b8497ec74cbeab82949a7d,65.07585681736262
0x8ddd5bdefdbd78ad3b056efbda882cd1ce3ac03e,65.07019792241286
0x8cf69450429a17c01605ffce8c0218938a4fbc37,65.06729563787229
0x471e90fb91ec699067009f2581313944600c2e46,65.05172911750645
0x5c54f504e63a5b1353125bf787252bfd58401bf8,65.04668406479348
0x5e32f33e261a90ff9fe94230387118945599268c,65.03105385566516
0xcb7a8524cea0f54b4588d00757006aef0e6b2333,65.00823228308909
0x1c00c1410d83ebe9825fc498399a671b6d1dcc7f,64.99005338764393
0xf859a1ad94bcf445a406b892ef0d3082f4174088,64.9803684262038
0xbf708ce00c8825ae23ce0d712cebdb7621d670cb,64.96159439909843
0xc2d0aa52890fac841c258433a0a260d29d2a98ad,64.928631613071
0x4bb6d52a4420492c5d90f22fa92ff80ab481d961,64.92638380198133
0xc6d1cbd356faa71447a86c2faa68e6456907e816,64.92584840761495
0x7fd6e06f6ec7d1003e8c7c86bd527c9b00658359,64.88713324296631
0x9c9550871c8d714e90ee03e610b21f156381bdf1,64.87803579385437
0x71a8d301014c1e4fb3fc4b281a5eb5b6042fdff4,64.87401061699848
0x35d3da57064d2f5ec5f0824caaa839a43026bd41,64.83138490257201
0xc243e3aba71b76c1ea70e24c0295566119fd9131,64.82015738962076
0x479c4a69b481449c4b92694eb32758cfc920735a,64.79874246620199
0x6c8a3edf2bae56fe85ee46ee108adf99b49e9288,64.7849382823581
0x2ef0fa1afc0ed0e9d4f01d3d8eb6930fbdd1c4d2,64.77156727791636
0x4ec7cdf61405758f5ced5e454c0b4b0f4f043df0,64.75849549456947
0x9aaaa02c5665fc388b87334125712f0ee2d7b075,64.74617384256337
0x26d552d4a9f58f6dabc296c514c29bc30fc0dd9b,64.74432221728799
0xdd5de11ffecdfa2e337d67a7645d997ca921d9d1,64.73890784062436
0x95a70a517c9e87f0bd70e380bde99a41d31d917d,64.72162405479366
0xf6ad502ac34cc67f3a86b4e6a4ea802409b0af28,64.71888990253089
0x2e60fbf24d960a163fb34ccffb2a4cfeb424e7a8,64.71588625636598
0x8dbe431939b9c323d42e6ab160870a01f1d09549,64.71583581174906
0x33c153199b3d8b3fbaac2b9c8bdabd9fcb1b0de1,64.71516184511444
0x298afe764ceade43ba80ac4390195e8d9451d6ef,64.67332474023874
0xbee1cdb0de23afe4b81d41dfd2f956e4b611b694,64.66953895292815
0x6dc7e68f5b4c2e2cf37183e677b730b30ec1643f,64.66924877446962
0xc6e8accdfb5a93e170fcd71e7b662201e536bc68,64.65888569570313
0xf2b7b6a05d2e065754d5e1f56ec5f11d2154ecbc,64.65694357651128
0xd6b5cd771318db56f37b7f3b923a233e37acec33,64.65412353422846
0xf8341bf53e42dac7b3e3516e0c6ef6003646dd6d,64.65412353422846
0xe23ebece79372aff38908fc2e2aa179c6132b540,64.65146543381523
0x81b0a779e2f37fa21a7d3ad0a041e32e9a9e19d0,64.62781736291906
0x31de1646c8e5d718fe6c44e826e3bd0427df1fc6,64.62781736291906
0x88f598e1f05eff820bfb78be660a92aef481d488,64.61457172250104
0x5e9cabc117d435ee63f08e56f2aebd0510b3bba8,64.6049963433601
0x627c5ca5b6a3b1985c6f9aa8f11d4f188debfb97,64.59845175273517
0xbc624225fbd8c27509fba9497341566ade14f773,64.59587110704399
0xbf83e6e40162c655f2ded3431b7b31307275ac95,64.5951299643661
0x9418f78a010e66af9ac9a0fc569a7cc52a2d2ee3,64.58538996797319
0xfa03edb20a822e838ff0a517b6b87c64b8a7c04f,64.58277301361268
0xce5df252fe61e31937cc258ff53a3071e4fbad02,64.58241463887676
0x668bd9933e645767ec2f8d5f0273f08573ee294c,64.58063016135955
0x4dd58550eb15190a5b3dfae28bb14eec181fc267,64.58007383631053
0x49ecb8ca5cca9a65c8450201935c609f62490303,64.57487464759714
0x606420fc17e08ce7d85a5068cede5542c0e47128,64.56714835491167
0xc94eb904b1fcf75f5921357802c07d3c64bc1eff,64.56036036140041
0x73317d56c0b905c78ffc4485b65323cce1dcf050,64.55673313710176
0xd482a29319200288cef83a2c201b38ebe4e85bc2,64.54157725120784
0xcdc65de2a7bc4b56d20e98a387c1528e58bf3441,64.53231271254289
0xb210fa87b8b25c26648a4226ed0fdfaf5cfea736,64.53119505584148
0x57b5a18d67c63b95fea204dcead18c2e1bc5a851,64.52778049479367
0xbbe3ac5059d5512f6f2f55938bdb90cbc6ba40cf,64.52480604253881
0xf41fbe7c0b6943bdc0ce48ec1a506c0e17c36dac,64.52253972066613
0xac3cd223a4d862270373613bedc940f083618c37,64.5207083118105
0xd6ceb05021ab37457bf9837da9f4c98828628fc7,64.51911986143026
0x0ed66e54a3f5822cb2083778eebdceaeaff8d6a0,64.51614429895993
0x7669be62b519160e94ed7d90ea7d728e956c875a,64.51437139208866
0x908d1c7b6d8fb62fa67d55eb7f76dc0e89c1cb4a,64.51056651681317
0x139674aee375551fe3b972f69afb84503791aa44,64.50064377069626
0x714c114cf2e3c3bf708bc272f269caa60d297097,64.50050607461904
0xed087c97da04bdb9d68a9ff0013b41fd145a000d,64.50044202170363
0x7fc823dba1c8b049c92a43eee758311470f6f5a0,64.50031827734993
0x8dbda9c366b501ec7324504d5de545f83aa89148,64.50024703196995
0x363116a1d6696fdc3d277775ee74297f4a79be20,64.50004721816899
0xb11b314a49fde7c8d901cc38abc2d55a414aece3,64.4969623586691
0xf3d3ec934462730b389878448bdb191b529e9b9d,64.48831056431995
0xbc5eea869e6a7a30aa41b3b83111aedf23846e33,64.48098584316054
0x9c05a5ac7269db20da14a3f5e532693f6b96765f,64.47225333562176
0x9da8e0f410c2efbadf1e7c4e1815d3757a5c4aff,64.45419640536811
0x6f25e6df2e18370e5fc5fe5ad929ab98614a3ed1,64.45174604675697
0x02deec8b09d4ec879d4e6793e496e6b58a7d723d,64.43263884036888
0xe565f48cee90c775d1a0c0fa6dbacfe22c406801,64.43034965611986
0x975794e77cef9a03b6df8802d91240c51729231a,64.42428883721138
0xb242b2afee4dda2b04a04cd1a982bf4dc066cee7,64.41411122430988
0xd986005d25bfdb3fd216e58f5b9a09677832e6cd,64.4059073464295
0x0f05c46d5532337a9138508e0ae5839a080dd81c,64.40586702113912
0xd4411b38e2eeecd6a5c238403e7c1655090777f4,64.38739538992196
0x990428e696684dd85e3ac268d8bef63ee5d864dc,64.38630337080694
0xf8e4b34c2fb7ffe48c2374da8a7f0fdc3dbaecbd,64.3775599245967
0xffdc0c7dff4bdabc76e69f1ffd0c11d54b21369b,64.37114433549291
0x0118289457e9fd02c05e37e27a11bd09d3500021,64.3706379122797
0x9a7e2093092762d8c4caf2a947064d6762bc8c6a,64.36178142014003
0x21f79012dd2db02712e42b8146bf15f4f950e976,64.35939720842481
0xd1f55571cbb04139716a9a5076aa69626b6df009,64.35300614353527
0x5f82c97e9b1755237692a946ae814998bc0e2124,64.34778292348173
0xd30ffc6163d2c0b0887aaa1d6a821b3e50bf4def,64.34602389518733
0xa2237168b61aabecfa5652ab2095df95efa388e5,64.33597393171976
0x076bdb45dda85ee32aea6eadbfab1a1e5e6191db,64.33373518471389
0x27dbb5563086ffcb325cd6037677944fae7e21e3,64.32689341552249
0xfdce7a3d5ab544935c4e1e081f2b498c035ee434,64.3094108001012
0x28552ea8b232fc63d6ce69692d8a723efc5d4502,64.30895213774346
0xd1c2df69261ce294f0f26423cac49dd2a5bd5cf1,64.30241063440006
0xb7795377cd00ab0464a3f7b0850d6c920d2938ae,64.2924887925268
0xb4390289cf47c5c05626cf75ab4da28e70de3e1a,64.28843056657664
0x5553b1432226781820de70b4752b2d6a3813e65d,64.28399699901809
0xf2b31e5768871b3ad8435edb2c54b8683a3d1a5e,64.27374173423311
0x6f5c5b10993a67fb1a65875a2e9db38906fc62cc,64.26125854029323
0x658eed504b3000870e98c200d4626a33867e513d,64.25996258470403
0x4fb595827b764c412b42b5b63450ae5a7abdeac8,64.22977104725013
0xc8e01acea291e4df4fedee1d3bedad538d4c9e59,64.229438870965
0xed66994d71be8071b63561c5ce860747db5a2242,64.22229051924468
0x8eb00380cadd63a895e388c7814e7abd2974ee22,64.22142071773548
0x53cb1ddfefdd43a6a0f6f69ceac8f531b12bb780,64.22048442529217
0x4b7ca5b6216f22559250ca677692b8c93a8683f2,64.21402924169789
0xe9223e50fab2f5ee52b8e3e976896a0a2620eabb,64.21146075794907
0x7d54f16b78ee21942fb467e647f10f9ce5f8fd14,64.20982033876955
0xe00d4fa460dc0712b194803c9700190579bf0078,64.19867935893484
0x0489076a0d17394835af93cd62acff703b6814a9,64.19327476811605
0x69ebcd09782fbe0712706c4904e4b3a49fcce5fb,64.19001444132897
0x1e27c17432abff8e314b421be50c63a42d3e95e0,64.18718039373034
0x034a4081df0c5a039d05113a7d0b334083a7b084,64.17484059958164
0xa51ec736856c9c28414a1fb41c3b615b452d604c,64.1588909004241
0xcc8111b24ae554d6cbe740d369dfe2961e6d837f,64.15668596009817
0xf6253323e97437c23b0fb7006808e10639ef2fd5,64.15254857143715
0x88889bd5e47a7e1c587273e0d496ce60ed5d6338,64.12985168956826
0x0358629bd27fa559b88d0f41ea3da28d057c3414,64.12985168956826
0x14ad13b2f767918ee2f663b4b7ec51b1618f9545,64.12349058075512
0x3fa242f436a76b9aed7e6b0f7e329201804df835,64.11773002205402
0x71b890e5853c81b851bb22f041f1f8630c67cebc,64.10243879352853
0x22a1b26bfb867dfab91b16f7872bcdf559d5427f,64.10072547597602
0x0f4774f27214dcaea4dcc314d1f08dd42db73c3f,64.10072547597602
0x81b5ec3be3d9339299e56665d8206d4d28ece898,64.10072547597602
0x109c049b3a19b95c1424961cceaf61b76d291a9e,64.10072545071864
0xabf122ef23d647cf36d7868e5447f504e2ca4843,64.10048360487983
0xd84101ae36b83e64b52ac9a61efa4497f8fd2560,64.09433806381064
0x94268313cd51087cfe90d988ec55d253b4aa9ed4,64.0715992623838
0xcb7f3c70e620b558499a1baf365b631aa4a29f0a,64.0715992623838
0xa8cdb2ca0d9c9884377f1a38c7484d45af913f4c,64.06714257061984
0xe1b8052861e6ff41896d2a8360339614a555bc2e,64.04247304879156
0x0b83c6f9808f77041069c89f60fc162f623130ac,64.04113569954406
0xf0754756e71aac7ad2b6497e7006f5e44d68d592,64.02775283671258
0xc479501d96f67c1adc7ed30e0ee5b3ab890a23a8,64.02629699529822
0x1658a95d08bc44111a93f7afcab8444b7e8dc0c7,64.01820566754355
0xc8a573de585e8b5b438e51726569a092d7f409e2,64.01334683519933
0xcdfbd78dc290d67d08ca54604e4a110009313daa,64.01332983165285
0x93c500018c18cb408f27cdd4562376a4ec00f17d,63.99973170599859
0xd7925984736824b4aecf8301c9aee211cd976494,63.98006098290802
0xfd698adc7fee26c3c6e862de27035333f16d2e23,63.96789067951862
0x6ab615cf8decfc488186e54066fc10589c9293a3,63.95915342035487
0xb8eb4347b64999bd31498d3834833b383d59f4fe,63.958853840298374
0xe82542051b5e3ef94ce93c7a0473082dd3932bd5,63.9312570937735
0xafcdc9b44b3d9725d9bffd6c0b4b58c37d197490,63.92320380200461
0x27f5eb564baedb169c0c2d3a5ea1d25281d9a5e5,63.9189564318405
0x0956b7785216a6b9904103701a7e1366eac0df63,63.9188313147356
0x0d5926184e886db1a736d88f0fb257be3f99ebd5,63.87512731707424
0xa6cb51849b34b899635b4d8be5b33070a84a49fc,63.86307410101733
0xbb9250c4d860d15da0015f6cfe041aba4ccdf453,63.861861230744
0x3dfe9a6c5473d9f2b5bd3171860eedbdbb7b0124,63.86126775307855
0x72c9dbfb16ec69ca96284de891fa81fe92c63e36,63.84594799938151
0xf48ea2e715a3fd6af43dfc3800a3da9ae785d3da,63.84353387555495
0xc08b8d37fcea0a2a3cf3b7120995577b309ec33d,63.838917465048304
0x4eaac48408c807adfb7a7eef6ea312a389961abe,63.83394788674123
0x649094a529cdc53f1e8f4c05be0d284f4fe63408,63.83023760028221
0xb4af2a77dd98d083e9ab64b1a15f172191279f44,63.825406875566756
0x876b71aa426fad5127910d3cc792e818b8229cf1,63.813452872925666
0x1a7e4c7ce76f0d744f5bbf4239b01d58aafb2483,63.810714431330496
0xea431dc0b54a79d1c22f63db97f5dff638390d98,63.80625566233688
0xbd0310dcb5678a02a6268526cce1c907e674ba8e,63.79603150758649
0x26913116f5173837ae66ed17337e5faec12474d0,63.79329592687661
0x4101767bfa3210d7e771950996f02edd92843b60,63.78167710991063
0xff536328697859ec41b4f6a7e3a9cc3f372b0760,63.77926453417648
0xa1932d804e85ae3b80a2a47446e98e51d65d877e,63.77516949157147
0x52a77dcf83cf38f62f6857bb01c5c3c8ae11f4af,63.77385137444386
0x85591bfabb18be044fa98d72f7093469c588483c,63.75214980218821
0x0e1e3d1869116c657081c69b1610d731e5488006,63.74320157164436
0x53bba5c7872bfc4935cb4eee63c1ba9bfc68212a,63.71744303305617
0x0006e4548aed4502ec8c844567840ce6ef1013f5,63.70959229092787
0xb00ba6778cf84100da676101e011b3d229458270,63.70825327505315
0xc25c5e0495287cc3a380703b2b665da5964d35ea,63.69638060726487
0x436ef8ca807c99fc32e48ee3abf0307ab4381705,63.69202205994216
0xcc1e0a566dbd10869c071c811aba436357858f05,63.69019661684828
0xb7f8a5bcf79b6bd38c7b2a650d6a3301dc6293cd,63.688017179864865
0x8a64acdaad717e3f974a3447189e6c38d811766c,63.6657111668722
0x3a1b5aee3fdc6e03eb07a9a9da4afe1225830047,63.650749974348486
0xa38d1a0555287cc7d15e98b5d3aea30aedd08fd8,63.606003874641125
0xd8c8f8e07f779c34aec474ba1a04e20e792b5c5f,63.60244396826033
0xb0ca35bb14a17c41a87e81e91d299245ae0f9b5c,63.59870146085534
0xdcc68bb7db687394593e0a87f47a065753819a96,63.58369490209094
0x49153cbd5b0c516d1320bc42b48c73548b73b678,63.5758647592424
0x4a356df984fd39a55ac7b7dd8ab66f4da66fe5fe,63.56176229182556
0x505846a0a89dd26fa5cd0677fd5406039c218620,63.558830808364654
0x15e82c8dcf3979c530b5d05550664b01af261a04,63.529282293765235
0xaabb2e7ce70786cba0f35d2eaee51399146ca3eb,63.5178491238684
0xeb4b6f1b452bbd1b9099f46ad7f2ffd9e1228cb8,63.51434900872806
0x02224db71bfb1c1757345d618018da7c9414ae2d,63.51355953791054
0x88d5b83a30aabe1482c37b2cfd803965d87846f6,63.502994744405136
0x57859e63666a2a3ab7bacfbd82bee3de76064c25,63.492575440539866
0x0ad59c344359fdf8472e7ffbf4eb6af4751138da,63.459951489645945
0x2e39795540d8b971245de10ab3a402e185a47547,63.455307110726075
0x005019e7978826f415ba7ab77a2722e3063e0c87,63.45402856015622
0x39b4c78fcad0dc158be86ee0f9f1b867fa6604f7,63.44378809722864
0x24e8bb6a37774d8a0187e196beb29601ed5920bf,63.442806916182526
0x9891e9ae781243de09b8d03d120820b4d514acbf,63.436189242612514
0x39071d38425599702f562c09dcb0b93d3a8f375d,63.43392797727586
0x1821a39c87e4d8a3dc5a8391a1ba7057e4eadd06,63.426173101051845
0x8cc8dce4b995d2d66510abaafebc3dd5ae364e24,63.42169747052206
0xa5d223c176daab154a3134369d1c0478c5e6fecf,63.42139660557342
0xb4dc65f8ade347d9d87d0d077f256afc798c4dc6,63.41913102588036
0x03563b1025d43e08a9c1f503ffcf818d273ecf14,63.40634752648282
0xab81b476fe9764970b728710c3a81ddb7ce5e98d,63.399651135309504
0x2f47eb00b241eccce85f369a024742186920e111,63.39849429774991
0x03a99d9235732d94a300bf7013acb11020484bf1,63.39705468354161
0x380934a5703937f9f5c8bf5cc4330863def5d60f,63.39705468354161
0x8e949b62a177452f5b327b539eaa63802a3ab6a4,63.39705462287452
0xd8340ad7ddda46a9566127a16697e2eccf54c401,63.39705338378333
0x3f924ce71c21e0355d593cb5bdf2582d949e9c7e,63.39704829326277
0x69ecc396747d292b26ddf6e00b733ee69c2eb778,63.39704604352518
0x75154e1d5aaa240a3d3e1b59e171bd1cbd1758df,63.396845133222456
0x2731c2aaaa74760d2013ef6a42cc2fab03590b62,63.39522263452851
0x32a59b87352e980dd6ab1baf462696d28e63525d,63.38963268672112
0xb28cf9fcfaa079ff21ceddbfc7b4b2fb9c7bd70f,63.38707635241921
0xc7f9ee3468bf061f64ecb960ed51ab2362f122d7,63.37988121051476
0x492ff1c96b398297fcacd6e7e1e968d2b2fc7da0,63.375352697498315
0xc50eaaee441566b4ef4f1e3270d19f24223cddf4,63.37350902548918
0xb024088f10655e815f56ce29752050073e884202,63.36792777624858
0x51babb1b6c831b02ca7a51bd00818d6836c78463,63.366018214458556
0x3519c48df8f9e88fedf97039b82a2be2b7976297,63.35873118936534
0xd2ba150e88d26cd203fb54b324a05d90b5870302,63.35820951936529
0x82f458f713ac9a366aa9c7e858f69454fde779e5,63.35215599674721
0x410c8568c94f707008bb7a5afd36421b0cf6c307,63.34864451796776
0x5557d2ce565941641ee9ec7fbc4c2da31526a7ba,63.345022919933115
0x6d61861bd52285d9b3f6a81039b92478d40e806d,63.33880225635714
0x1e099ee2c144bd75cec2ee7c79b40f373ba086ff,63.33880225635714
0x1857ae37ba3005113f9809b0e19a2a6563ee0d3b,63.33880225635714
0x238e24c06313fc8176bc6c49a0ebe86c2b0aabb6,63.33880225635714
0x8fffcd4c45467144e37be379da3e794060c6da9c,63.338771616896395
0x8317d187b683d00b2e3ee9448dbf563a9f51d3d0,63.33873050156791
0x0781050bdcc5c4e82a80ed3f35da82be35fa71d3,63.335529161569596
0xa2b2e36a23a56c0a6ce93f0356614ca76113f57b,63.32581328676473
0x156acd97c748855ee8d3691a061c88b302c967cf,63.32545010029242
0x5e1357a01bc2989f9e3a98418bcadec33a6dae20,63.32045447551228
0xe14f0f83db016e7c23efc78c3110ccd3ef3cf20e,63.31999769451343
0x888ed928636ec2c5c0115dd8464005c9876cd515,63.31915806714849
0x6f6203b0f552c27f691d9d7e7c87d038e4bbee4f,63.318287508751666
0x1238b65555ebc62a386e54f7a4bfb84fe7d82a14,63.31690409949765
0x538713d3909cd6e29a43939dd06722dfc62bba3a,63.309676042764906
0x2fb304d8f7d18a3881225bee4e019efa27b30bb2,63.309676042764906
0xc45bbf5e12ceb95bbdea9426aa683d4dae2e68d6,63.309676042764906
0x2b8dfbdc25db79d5be81fff231378ff85c0e57e3,63.309676042764906
0x0c2f40619a50980cbc8af259da798820bb56d46e,63.309676042764906
0xa0f273f045c9c24c14aefdbc61f594fb7946b5f9,63.309676042764906
0x1f697a7d591e70951698a000dd64e710d297d266,63.30967599282005
0xb3375a5c855d36c895f3c00e681be1094a5b9d4b,63.30831595899363
0xc87b97415cd38e4341a2556804f814b701ced613,63.304511785923985
0x271577973ef200d19c15227bb41181416e248fb3,63.30393667153937
0x385d84a0e3d88e91e8e1a3a5aadcd759670c468a,63.30290293448029
0x2a62253e49e0f0224a6da25fc2a15beecad8d065,63.302045283597835
0xa52ab2ade70751bc08f15806db3b9c38014fc080,63.30111040487353
0x0029f0f679c51341d2bb0925f3fbb0f7ceef86d1,63.298133024496096
0x433e8219d9adfb60daddff9d58e117b9714e9495,63.29760152358436
0xee87486894b390199aac78d2e44dd212d8395600,63.292731245683726
0xd6d30f186e802c1558b8137bd730f7f4aec17ae7,63.29057896289024
0xa6a5394494575ffa84f1793f8ba38fedf70723ee,63.28054982917268
0xa5c903dd8e869da4d4e8d9bc0e2df9d833c1a5df,63.28054982917268
0x9cbb3a51b78ddf17da529c236ec4d2dd2e02be35,63.28054982917268
0x3a1fa3e0814f73ec278d59f383069b44b03d39b8,63.28054982917268
0x60396ae4d374aea3df558ea58700014fa8500df0,63.28054982917268
0x278dc8c514a44dc46447ba32cb4f6b6587f2907b,63.28054982917268
0x84097d4fbf0c9aa1747af5a684c789ea3fce7e65,63.28054982917268
0xc5a6fd3433785fab00e65e3c62939629abaa21d4,63.28054982917268
0xe1049ae1c92ca090e02894f69f030d81b3eec034,63.28054982917268
0x2cf72de0d0157f716799ca530988965fadf61b38,63.27679843368115
0x1a22033ccff14ab291b376c6e848c866324104fb,63.26974706340283
0x64ab22dd054c7eb7a40bb3d40e9ab78456f4e776,63.267112321124316
0x0007808d13026d3245351759abc4f90a7bdd50de,63.26500979413582
0x901be81adabe8e6e80abc52995e03f12ea42248a,63.25148606718358
0x34a82ac950e9c6c683e2aa757590cf9300b99d2e,63.25142361558044
0x7b234832bd95d5940185c3bae9222de00cc4609c,63.25142361558044
0x6e696092f2d3de6ebb5d44e92d25294f8d33ab21,63.25142361558044
0x6a039d4249811631ff65a5e1d5a4aeb169807bee,63.25142361558044
0x1ad992bc4844e4706f1191fdff48430a64142c90,63.25142361558044
0xab0aed73cdf40af99fd578f8fd72c295b45a9cb1,63.25142361558044
0xd731dde85960ae2e4cf003940a113216cc62c737,63.25142361558044
0x4c41ad07e4762b86eae2f3fc14b95d5c8d800bad,63.25142361558044
0xc967a39d0ef128079473561a19a5ffab360078c3,63.25142361558044
0xb77a8ef7672afef6d75057601f8a7c18683a69f9,63.25142361558044
0xc1def82f71cd625c173dbd05f2d9788bb865bca9,63.25142361558044
0x534bf1703d49bfcd52872c5fc675ebafa9acc4c2,63.25142361558044
0x58fe07f494839ce132ac92cfd135de0bb19ec496,63.25142361558044
0x1f66ecacb520e056e60c3450e26273e0cadd9cc0,63.25142361558044
0x26e91e426808b1ffaef7032bd0720de7a2d829ad,63.25142361558044
0x508b01d1597379ed0f1fb84a00297e193e8daa7a,63.25142361558044
0xf78b62f3cc6e3551cb87cbdcc62fec959061e05c,63.25142361412222
0x859fece2f628cc937bf65800d87c283d4cf7b0bf,63.25137178001715
0x81af51355cb06bc1daa164ea24a8bd1f9aaddcb2,63.251355836103244
0xcf90d6d26b8372f98a020bf187b30dc8fe8143ae,63.24871431002789
0x145c0c57fe825af09024ffbcde0cf5da3e5d1a9d,63.24841649820709
0x01da73c4ec1355f953ad0aaca3ef20e342aea92a,63.24085882207504
0xfce8ec26c40d551ff9f809ed753bf3ce3c89a5b5,63.2371921037671
0x368ee1d70736a8c39d06a2f55005aefbdb57cfc0,63.23067776191401
0x30f7a45a4a4e899383cf2b5b41865fd52112858a,63.229321229894886
0x04b15ceb1106153abcd7e00a77f28d5bdf3c174d,63.22702869442607
0x15ac14c5997e76322ed32ae54335ff284e6f92dd,63.22387625120652
0x0a84ed9ac038f0684b236cb4c60ca5e1be6691b2,63.221661284843094
0x1a2eeec29cfaaaa4680617c84a5918435cc9252a,63.218213704495085
0x5a2cb28c9dbcc002d4dd1977300a4c1acbd1c115,63.21284953544101
0x357be6f14340b1a351dde382d78f37b643a9d5da,63.18260639489057
0xcdebcf59ee33978320ca2ebcd433ace6144c63c4,63.18161739316907
0x1b976af94caa1d9b2fe5ed038ef9818dd6d48870,63.17008196875595
0x9724749c7f1275a33cc9ad96e37c82c3135bff85,63.16867925436823
0x7154718f041df32eb302af79cd0aee9104926ca4,63.16178913951809
0x6934a8eb5a485abe1970a5ab29b3a752f800700b,63.16012477615098
0xb3fbe25be2e8ca097e9ac924e94af000dd3a5663,63.153647068046666
0xf3d02e8b73105838e00617ef52118475a24842a8,63.149031250035755
0x830c5d312d507ddb066192d34dd6441737e127c8,63.12641251635375
0x9b4fe6e006023ba449d6db9bc33c2732428a1f28,63.11117602331862
0x36216868d32a191672420156cf88b4f884f5988e,63.11096546398221
0xcefa2f7b1c485e37ff494cedb28f2f92145573ba,63.10110878155014
0x57c80ddae73d9c5662f86db5ca6301f0bc723f5b,63.09522775411388
0x6a9eb0e9caeedf2a7a776136c34989732ee9a105,63.08318198607122
0x9709a9f77d4349e1da4220f1458fbe9339d612e3,63.075705005542524
0x8212f2891f691b4f08db8884ac64c4ffb7dd157f,63.07519321145181
0x143a0a489f1a83c5da2395053422819d2a0e6152,63.06874558474484
0xcefe90cc777eca4c9303de0ed62b60d1b779ae4a,63.068012978640525
0xa1fb1ccf3bd712972b06a089c6c69fe342a52af1,63.06202152605801
0x7741536ee155f1d25ef782dfbfb5222fc6f2eae4,63.056039978539886
0x9ee2bba244c872ed03b5c872c6358c60b1b16dd4,63.045815539994365
0x84d99ef0f45a7d16a61f83955cc3147ffaea9a3a,63.038011461226645
0x3384d1e427597b16d7da467e25735e6b09e6863f,63.03696351892776
0xb1bf956f109bc21062a9fbb93665b4337382e5f0,63.0355740566801
0x34fdeb7dc1b15f9cae61ff610b27e320ea6039cd,63.032638001777286
0x24e09f0b6e050754a9ddee77d867a786a38339dd,63.02799274352569
0xec4444176f048b15e937991a344539f37b03bc41,63.02001280716413
0x76e6c4a0cce7146d45f3f441895798cd8c6ad032,63.011475326471924
0xe212566f12ab57a7239c5dc19d4107d8a73d54d7,63.00784911333717
0x478571d10e2b3bfb2f46d0043c2da521644cc04d,63.007277949938995
0x023746e8dcdc250ebba98aaa82ce81e27597cbbe,63.00333166995932
0x0235ecaa45c4ce4abaf58c21e70c103d1bd745d7,63.00029811434796
0x29feaa65869e737ad53bfc2325bd8ffed8d27a07,62.99768564487058
0x3078f22015436d621062f7cc8334774eb5685e97,62.990221724500444
0x1b1bc8b714737c8456a0590d307d73da2a4d9249,62.98617042067876
0x0dc8ca1c9a3b11fca4cd9fab7202fb3eea82e778,62.984963225649906
0x2016e0f2b8c54eba03b6d782d2cc1c3ab8c43728,62.976146881805946
0xf69e427017325ad714feab1fe3b8e8694ec018e6,62.968002256884716
0xb04a6db13942b6d4416abec5a8327866375c17a4,62.95736786862025
0xd9a25a008d5e5973a7e439002327a62d56adaab5,62.954313196940234
0x60d7cd6e9c9e423210189695dff592a42e24cf02,62.93729019978008
0x7c6e177d9613bbbc80557816a19a342136b24654,62.93524593065705
0xad84f4dd1732c1264f56c65ad2f93cc5315396a3,62.92047047256048
0x61fe73ae41b22416863faf6a7375714dc7929708,62.917392122658114
0x4be0557d4aeb1675a1d5316e8a437dc934cface1,62.91549789288648
0x51fe8abb2fcf954f585d4abae5f44fd516742cd3,62.91461120885964
0xe1aa177276a304510b5168395dfade2de2e91479,62.90831665670557
0x009b56330ae5ec5042b9ca46ddb3043cc0d006f3,62.907378419487536
0xf4b324796fc9baa362643e56853eaec81ec86249,62.89262078030051
0xe6c0353e8b6ce79814bba28c0eeb08c0268dec45,62.878437803538155
0xdcfa077f4fdd8295b2efafb5110bfa56e204a832,62.84030989348116
0xa036fcb0c60022b2f8976e387f319c14369d0754,62.837590502078044
0xf55868968409401ec70e3527c3dc50335ee27f4e,62.83576903826948
0x94719db6bd52436a1b76b01f87e20517a7e1564e,62.829586385544474
0x2f8957d2c3ce66c1c417882af7383eb098baf36e,62.8267898698269
0x51f98289fa1a5faee659baa6cb3dcb915cdc9949,62.82531338736631
0xd19fe63217a41964875069b0e7f6131e5affe2ee,62.82339911682587
0x2d0b80e668c4ab4f90a912eb21cf292175f64838,62.822603096211935
0xa0062627174959249819f9802dcc0e0426a41891,62.791749822670695
0xc740d60f7185a7f315d480e84efad02e76153d2d,62.791532135163436
0xccbf50b3fbe25539335d5053b47625fa3d5f2744,62.7684044644604
0xbc6ac7f8f5f8b2ff56bf5ab75b1d0bd5108a18e3,62.750002311837676
0xfe558ec0904247c622164c92b839939a3a7afeea,62.74522743633274
0x683a42e5b414ae5cf79ece7e369ca5937fdcdc11,62.73349269812415
0xb47b65ac9064f003eba9cbccce554325a5edc5f1,62.72064834432274
0x49fc009dffefa57260cf302ef32f5a2b82ab94de,62.71899264422001
0x472dbf5a1b070f9efc2491cb3b98445e06599e21,62.707280598240445
0xe1478cbf115c2d6bec1572e0e6a43a2dfadca15a,62.70186471419076
0x7a68a38d8670d91c90122817cd0f06212cd4c8c0,62.674095981273204
0x59818b6d61987464234a94c00b0896faadf57e0b,62.672571646108864
0x988136bc3201ce5f8c9b8c1501c0664f96dd0a3c,62.66246791752197
0xf8012ade1ec196aa06dd991119d75edc59cc7768,62.66228791277937
0x8969104d64543b8ff0b4b8c9d534b8cb77931bde,62.66082583488717
0xf8a122d8603353aa478690a3e9abb4f920c9617e,62.65833455023038
0x1daa25c573fb6a03284b0de08910e260a408601b,62.651141950938786
0x2702a5a45017f69ab850553d372a1ad85a4bd01d,62.638674104758124
0x6ebf73fdc5e9c245b8443e1de77638eb6cc379e7,62.632151678114255
0xfb0018ad46c669b6a4c0e589c53db27daf7f7930,62.628355869957225
0x7a596c2d3e0f390a212a8ed47308cf621b5e949c,62.62003901789528
0xbbabb175343e0fd08eaeb50477e4dfb8b18aeded,62.60008212304591
0xe8671863c02bee8f8a03fb1a6c128e61463520c3,62.59429482028716
0x72d9f391dfc352105b8aa391475007d4bcefe1e4,62.58062593848022
0xc78ce4e51611ed720ec96bf584bf1b1658fd2379,62.56522376063846
0xb65b6cb75c7d558ca39dbb098f5b9a7b690164fc,62.56177477664539
0xf8fbc9298650f49f9b6280ead636c1811c6ca1a1,62.55503718537828
0x0147d58ac5006af18aedecd42f56f354f739ecc4,62.54290811768199
0x650858987c1c9dede58db385c50649668e817887,62.541829695861445
0x9ee66be4321bd1b4a62ddb3adf7cc4fc5d14d152,62.529103270958416
0x7aa29d3158bc446fabd3196f54c01f86321eae32,62.51270348226922
0xaa4fc13b70f51d8f79901c4c908a6fb39973c081,62.50780352896361
0x5e04c44bc532c39805ab789c60879c3336e443c6,62.505176754393865
0x35e283f461a9ca2e3a5765e72815c8d1dcb66ad6,62.501561417800794
0x011b33ff3a9ef588386288eb9fba0653737b7f2f,62.498634236029844
0xce04002d9e12403be774a32f07172666daf6d5e4,62.49260199432882
0x316f99537b4bade5eea51073f1b7c38dfbf69a70,62.48461632852815
0x89f4e4be0a78a63f12be3094d35fb58430d10a86,62.482672011081746
0x840921459c1c7f38260587a4ada3a28287484af0,62.47991547144885
0xbabc76ac4ac664ad0e02d0f772bd788b79405138,62.47214139360946
0x0fccef1c29deddb1e2a007ee9c1edf63149aa6b3,62.472131104099155
0xbe1ec0c33db05817e7879ed55e0c95747a3918c1,62.47202105706826
0x52b2b65928ce35d0b22b375e013b0539b4d5843f,62.47106038471067
0xa8264b3dbda7896b945c4e9c8fcd520db63ac335,62.47043868953497
0xac4bf061b45f3e4983595d3adaac5cffd59ba3a7,62.46906183537409
0xd527c56dc2ac6a71f04242548039d07006e9103e,62.46761462399248
0x625a02bbf6067337e567d80e755ea705725f0b49,62.46554362336354
0xbcef8391a2de02913af369bde6d196b3c26f4770,62.46259289311341
0xfe211da6dcf2dc14218ab7ed59e5565ddccd72c9,62.46201479588144
0x881f120f02d753ea861470210693a68f58b7c2d5,62.45994421799181
0x9b49d6295a1e9c16bf57044b80cc35fedf010c40,62.454451055084746
0x4c3a013ad968a60ac46ff14e52055874023510fe,62.45445105508463
0x9d2a6b9c13484133e330b68fbdebb90aeba816b7,62.45418111897308
0x5d47aa241f7c88b1b9b96f824c206de026b8b03f,62.452864218536135
0xcba7f060d16f7ad5b55e4ff7fe600cbe73820099,62.45227184470785
0x52b398e75eec28a97b115af39a91cbd5a31eef6e,62.447294992949736
0x015c944de243cebcb9e3a26334e23b1261819131,62.443619505625314
0xb01e7e4d1c45cd543493a766f70c2f51f52a113a,62.44069841160471
0x7d3ff21df6e555c6f2accc0c437f9e31fffdb6c4,62.433175588309226
0xec8e446c52f2d4ac9048aff1813c636ac8334fc9,62.43164853622949
0x108a8b7200d044bbbe95bef6f671baec5473e05f,62.428745982090916
0x94a92f288ead014de945a2055a00f991c776f5ac,62.42600902138855
0x7d7092cbbed161b252018a9aced9b5adc556a71f,62.42532484149251
0x4419faab8f30a17e0763bc75564c74bb2119aa20,62.4251369204256
0x95eb77a895e4df580eecf877ead01af7852540a4,62.4250525305908
0x7e25c3664fd20f78308d39b02769b4cc4a0406ab,62.42493959178563
0x74ba39f04177598f05d292016887ca1b9c24cc63,62.421354472688336
0xe030fe0291c0dbfcad873860d816312422017565,62.41922503006801
0x8678019eadda1ccbf070d3317ca570554e9ac3ea,62.41736454133424
0xe113e572d42c2db80667e0932a595e3ff7f91fd3,62.41708542725125
0x11b49699aa0462a0488d93aefde435d4d6608469,62.416225699754904
0x9301f9a523fddab8e55e9b8c5def7fc3564085a8,62.414887305064326
0x4101c630257bdfe3f9c2f231d8fb5d0dea481565,62.41434005584153
0xaa08f12ce1c3a9fc7db96378f1a87e4a7dc58854,62.412020383142035
0xfd90ad81ad93d9af1008a513d964f6fbc589034d,62.40926239237434
0x4d25819e9de2a2eeeddca953d1ef0182680a7054,62.40830847222476
0x1f62559149db70a46089aac991e586d11d820110,62.40730491700892
0xffffa57756e1c19c1e0026487559982e721cffff,62.40609256334045
0x6367978357f4620b8148907e81604af056dc6bf9,62.39940100638823
0xba01181cf9f9c71819f95bb73e6e116b43304937,62.39871146534882
0xa3a24fc53790a3ab9f87f1205e20d7acab0b65b8,62.39623755693697
0xcc0d3aea1762e0e66444ad8cc60bb05a16890b65,62.396198627900276
0x8a5ef775718eb678858107d8877ff1489982c118,62.396198627900276
0xe2367290cba0daba7b0981f30fec7d5c9e601543,62.396198627900276
0x1e9487fad063532863193bbe2109a9ec3f779ae0,62.396198627900276
0xf8fc1dfd07080f5ec750add08983f243514d392f,62.396198627900276
0xedc63f732d61df2556fd3ae84f911a84ac64b4ba,62.396198627900276
0x17e00485b4123a7f2110d9164a986a5cf50cab3e,62.396198627900276
0xe629d864ba7909e6bf2a047bad221409776a1aba,62.396198627900276
0x2bb64973fdfa422d9d22827dd90d7306232a318c,62.396198627900276
0xc0804b17da3b32faee35e9caf304ef6496442dd2,62.396198627900276
0x6c5384bbae7af65ed1b6784213a81dae18e528b2,62.396198627669975
0x670e9bf3aa6a024249d0bac4a608eba05c21fbd4,62.39619719836824
0x9d153d1786ece8f5004573a93c5a558a8aace8bd,62.39619529351138
0xe4397375a54b317e25290f894df100eebd605eb9,62.396193501226996
0x81f8dbe6dec6d5abb45db8fbd8e80c00acb0865a,62.395933381417
0xbba970d718ca932cb5d38812ff6f93f3af9f71fa,62.3956674132792
0xed59de5901b7dc96a265ff2893cf037de32978a9,62.39545033944874
0x5490fc743b47facde5fce5f129b480710e3aa846,62.39534011537879
0x82eab62c00161baca05c6bd20c9292d7f1752ce2,62.394697146549994
0xf16d3c3ff63dc011e4b3fe92df51f6af80656958,62.394036347204846
0x15338f7c0377cb5e7bc0a674a8afef4b685c11ec,62.38676701052616
0x4452ad2f9cf76da0ee8a648e46641699f6ecbc9f,62.38601537133171
0x20009f9ad1645cad0320b7816eca7dfea9328c8c,62.384263968422275
0x26868de5c3ae8f03adc6a5ba231445feba8b8bab,62.383132461104445
0x5d0ae0887149d5866424bc18e5d62d5871badb9c,62.381633918171374
0xeb64340f380b8c2e708c390a1a6be7d7c9c1c4e8,62.381198513683266
0x37fd5b791a18a8a371f3f9bd2d83e530098053f7,62.37976846833176
0x7d7bc6a63db8da123154b0141ea92a480c965b32,62.37712233800667
0x42b02345be43f620d59b87650350785feeaa1933,62.37624420792072
0xda0285ff49800536a53cbef7a7188da10a656efe,62.3758173456077
0x7f5dcb103fec40f9ed4509753706f2f8a709ec3f,62.3758051493934
0x15f022e3eb753375a48bc0e11da136be242a3b82,62.36763350125034
0x55e1490a1878d0b61811726e2cb96560022e764c,62.36762396858344
0xf049ba49fd3d66c306088c390c5a58e75d9f8b1b,62.36715256723666
0x43088e536f258a452e502b271ceb064f67982b0e,62.36707241430805
0x839c1813147cd1575621da98a4fe1eafcc7ea690,62.36707241430805
0x49db499e1555380e0ad02a463cc557087851017f,62.36707241430805
0x84f341dc140b8ac7671cfa605ae4e9e5caba9684,62.36707241430805
0xf32a076c38ef7a499b7ea8182dd57f623529bb68,62.36707241430805
0xab558746264c0635a54a9aa75e4dd7294c33b1de,62.36707241430805
0x487d0c7553c8d88500085a805d316ed5b18357f8,62.36707241430805
0xb28397e0e9a9cd849a30af694f46765310274af5,62.36707241430805
0xfacbbf50b179d12fb41d3f712085b687d332d7ab,62.36707241430805
0x9999e408b392370020cfddc0dcc4980112ac1e26,62.36707241430805
0xe236c772efb7e6ef151ae30af17cc266b7affbe8,62.36707241430805
0x3a47b08a2cad7eaa02168c23b688fad15048548b,62.36707241430805
0x97e5fdbaed46017c6260d628865911ccba09b7a2,62.36707241430805
0x056d78b434906a7ce1027c3e13a8643c543a2a7a,62.36707241430805
0x5a5703d59a4b08bf16d23aed1bc3d7ee95e37df7,62.36707241430805
0x47a47ca35acdeea18cbf0c1e2820ceb4491cbab6,62.36707241430805
0x8c91cadab52d47e42a24bed28e37c6b8673368a5,62.36707241430805
0xced3fc4610761f79242d7d8a72fe86f3a1c626b4,62.367072404121856
0x8fe17ea35076a7c742fc8749b01786cdc95c6bc6,62.36707102953238
0x4dfa960e7c36c493b268d32051edd63d019699f7,62.36679226261787
0x00f0d8626d734579be8124510308df52a8c738aa,62.3663398517623
0x1ad5f28a4775f8292eedd3288ff760dd9e825d05,62.365209341053166
0x7b372766bd0aedaadb28e63fa34588447b681d64,62.36248057602192
0xe97cf016272670034062a9f0214e20d518ef4308,62.358952987702246
0x397f61bf0407bbdb0a2064af39e3b3227eda7ebe,62.35893428818157
0xefc48c121d71b50b4620085bc5c5b5bcc18c422f,62.35761038799272
0xd028070aa8fa31a29142b7f691e8af41be80549c,62.35487178565958
0xca66f97125066871b318181dabeb90137611d0aa,62.35367673533604
0x7a7e4bc08c0a039f9a7cdc551952e67985e5ea6b,62.35334890096516
0x1331fbbdbe04d548b081eb8c02f53ea711d5dafd,62.352051505475
0x25442048dafcba10c380649e6d371f8be2b877a8,62.345800131849295
0xaf7d21d40e688eb4eb791943e46d35a14edca471,62.34370521316238
0xa77ea8dfd3cc30fd40b1a0c32af7845e802c1322,62.339475213403134
0xcbfd2956421557392b40f6791152dd555edd7a53,62.338666830988
0x3b9a4de7af53d5bced88bce2755cec434fcbf7cf,62.33819368638018
0x17787b70b7bb86c88a68f2b041f6034583334220,62.3380341910308
0x14784c77300cdad40b0fded2e1298a62f99b4c21,62.33794620071581
0x0d04556b9c8e69245c121bf29db3db7786cbfb9b,62.33794620071581
0xf2e24eb201a1321a94d8848570885606f6790e43,62.33794620071581
0xbb7e9e800b8ae99de87509482f06c8d91377a99a,62.33794620071581
0x29106f792747db3476d66e190017d0a8f482e02f,62.33794620071581
0xe8b60b147990023367408d904d2b081b4304f1e0,62.33794620071581
0xb9322f44956be67d47194df6abf9cea144a80412,62.33794620071581
0x7d0baed25f47667297ca6a60302540d6620696f2,62.33794620071581
0xf29cd4283d6c081d93b50cbfbf5e5e67a4f9fdf8,62.33794620071581
0xb781779eda55667cb65bc41cad92c0bd34a5878d,62.33794620071581
0x0c484b5870faac1a5b129b229ba80a8d431097b0,62.33794620071581
0x01a82218bce79c694e94d21452f1d86348f69b60,62.33794620071581
0xefbefe973b1370d71771f948cd4dc4803676d29b,62.33794620071581
0x4e1083f454cae424c8c1165d4f8e0ef5e462cba7,62.33794620071581
0xaf6ac9e4b68fb3da8fb95fac1e072a2917b4f78f,62.33794620071581
0x1e0ed916c2ffc22a2d5e7d9d551883899fda712b,62.33794620071581
0xfbd5a02bfc9a4075e40450ad7990752e03ec3ac6,62.33794620071581
0x8e779deab7e175dfad87a29990c120e914bcd255,62.33794620071581
0x1bda613994ea4e84754d29cf2c23898d82c718da,62.33794620071581
0x4e629181563e3d9ced0e88465899652f70fd0264,62.33794620071581
0xc5f71a9f21abcc89a5b7ccf5674dda0e32ea9929,62.33794620071581
0x673f72b8c51626143332f21259cebd5055b156c4,62.33794620071581
0x6267b44f3fdd5fd2b712806923563540b6a04ee9,62.33794620071581
0x7174cd62e0364ee6bfe4992ddaffed613d2c806d,62.33794620071581
0xd7d7d68e4bdcf85c073485ab7bfd151b0c019f1f,62.33794620071581
0x7a2554c1cdcbb261ab529ae75e2ca9465240b894,62.33794620071581
0x838b75e4b06c290bfaaa24afca15dd9fa994ac38,62.33794620071581
0x5e3cc92259df0a914c1c5893eb1c03922af7cd91,62.337775680090886
0x22e11e6478fb52b2f004616c154d29d53266f262,62.3377322745762
0xc7a6d6c872e8959232b6b10fc0710631dbc83c0d,62.33763623651484
0x72bb4ff5e3825dede3c4f2dc32e2d277968ff574,62.33756169725298
0x1f79656dbbd6565f78121f30ae8c774474cfa703,62.33751644385642
0xb141936c797fb48714c37f9168d8dedd47975191,62.33388631394985
0x1911e45693ef5787481a4716693909e23cc0fe5d,62.32999262036726
0xab2f634827597430587923c6130e40c6fe0f6617,62.32844643090276
0x7c6c989beaa5a04b7bd048bf2d87b159917b72d6,62.32523004715682
0xe4ba3fd475d327d5757f84e94cb7a3bd302b499c,62.32496400158108
0x079b9700296d82b54be621a6e11142a862017ff1,62.324566780676626
0x6919605f18fc4a1cc8a1ae66bdf9b2a52ac9dd6e,62.321991630985096
0xebed2200b9ad455fec52650d00ab86fc2858fde4,62.31929261767008
0xf7e073e6df5bd8c6ff423c602fe5314ed52a0cdd,62.31275419426258
0x44c2f61a2cc3a8b207ffd36c3187216565ae8aa3,62.30960274468286
0xc98158374eca1102b51ccc5ced6ce7fa23e28403,62.308819987123584
0xed62d3a2e79f8f29dc34eea5f12bfa15cd99c7c9,62.308819987123584
0xa0b8706033858ff756fc5628cb1451ff2e5c53e9,62.308819987123584
0x01e6c2d58abc1305f2f346e7845f346c0c9a2774,62.308819987123584
0x1da6ac5e0927e82506f72bdd391aed3bcb93c12d,62.308819987123584
0x6f26ce8ccef85afbc944567bd41d63d09d3e3033,62.308819987123584
0xa5c5173bb72d5aa522d763544594b321e1dea396,62.308819987123584
0xc87b56143e2fd2aaa5410d253d153ef6c74b5450,62.308819987123584
0x730ca23bcd88802da1e19766db0a98e005d8fda1,62.308819987123584
0xe6b4d317bca041c3f57c6755506f9da528f5d1c9,62.308819987123584
0x97f958bea42f40f1229f310de5479a9a3e418944,62.308819987123584
0x2fa213b3cf6effc6963e2600342fadeba28247b8,62.308819987123584
0xfe36633959712f0196dc379ef3541ea67d7fb5be,62.308819987123584
0xe473b699763a878de401f6a503821331b4425963,62.308819987123584
0x72a6151e2d1fa7b33646ca167225619d3f0f06ec,62.308819987123584
0xf920eb48f07b391ad261390ce5d638d5905f07ce,62.308819987123584
0x0a9fb0270ed2846d3311a2106cd55bf5ec187c7e,62.308819987123584
0x1eadf920f242fbf927c8b2a1a157790af0547cdd,62.308819987123584
0x248363c37452be586df09f4d961210fafb4059d2,62.308819987123584
0x9d5f57bf301490588ff74576e9b7e3bbaccdaf4d,62.308819987123584
0x1eb83643be29e8c011835d7e2744bada1f1f20f7,62.308819987123584
0xede1ee6d61721295bbba44e0d44aaf7572fe76f5,62.308819987123584
0xe31ed8d5aac8690087b29cf4db913b7132ba77f2,62.308819987123584
0xeeb0bcab4441ffb8990b150c83aa8475306d8a05,62.308819987123584
0x9a464b3f8359cccb2b4cb1b912db40a7efb3b3c4,62.308819987123584
0xe7057ed6a6a1d5d8d0a494d49937cbcb1156ff20,62.308819987123584
0x8e1b9a8b3dcf78712d05d80043546a3d5b2e0ffa,62.308819987123584
0x677d5e3662c664c4aa6d410d1f770a0d03cb6db4,62.308819987123584
0x6749d785b01a1cdd0588a7a9c644693e24c31ab5,62.308819987123584
0x0e59e0be030c8ea6094d3e5609c4f2997a7dbd75,62.308819987123584
0xfb9284715e9b0d08153caa34c35bfaed76edc31f,62.308819987123584
0x986c6f1c86d404a103c00e31f94c4b240a4a0835,62.308819987123584
0x754d816406e539473f93a86c3df2f582368043cf,62.308819987123584
0x350572290ccce74888a0d6f5f8ecf6cff6acbd91,62.308819987123584
0x16515bb9564ecc1424e4c15f84b84f03b935e25d,62.308819987123584
0x345c20496f33598ad7a2cecc1ed038ca1d64fd85,62.308819987123584
0x4a88b3ba69ada5b983ce5e58b181a805c40db447,62.308819987123584
0xef0d7ccbfddde5d1022772246dde7160e29b6864,62.308819987123584
0x2d98fb82d4480982d6628833eb31eb1900102b7f,62.308819987123584
0x50c2b51533bde344a7a900fcf6ca29840d5c4b1e,62.308819987123584
0x0eb48c1b41d25c7f2646724795d65a82c5a165e9,62.308819987123584
0xd2b878fd8d7bf3d05eb39dd704eb186ea41924fc,62.308819987123584
0x6e450daa30fb897df5c9d27b4b1affa67d317dd1,62.308819987123584
0xd91d6cbab2ae0631031eaef7a2eec62cf10e7f17,62.308819987123584
0x470298f091008e5bb7db24da03fd1ac4c530a588,62.308819987123584
0xb1ff8bf9c3a55877b5ee38e769e7a78cd000848e,62.308819987123584
0xbba7ff12a84d91dc8409fcd3a377c13361b9cd32,62.308819987123584
0x399abd36b9c7cef008f75d8805ee5fdf05d41773,62.308819987123584
0x9116796ee38f3a61e0d1745bcccc8fb6e847adef,62.308819987123584
0xe58778d605edcf573fbe779d5ee139da38eb1e3c,62.308819987123584
0xf70cf2689e9b3d1e669516aad4e4797f28156d58,62.308819987123584
0x23d7216385755a1805c12c83d102b997960e6b9a,62.308819987123584
0x0d4ddea3849c54e16c85cb4354943dc876e05552,62.308819987123584
0x923b2e138c0e4fa835dc0bba40fd70fab383a4ec,62.308819987123584
0xb91eb1ad688997ecf779e0e983bbbe00c3281c31,62.308819987123584
0x45d7697524689b61a8bc02babce6e9cc0571147f,62.308819987123584
0x4cb6d8655a180a4a28ec4b2f1f5dd85570893703,62.308819987123584
0xdbbc0936a867487d3cf6cf3ae968b1c8f17f2a76,62.308819987123584
0xaa6209950f9df1b95c9b6864e30717f5a721231c,62.308819987123584
0x948176675f33727bde51919d74a773e4e0b1d6eb,62.308819987123584
0xf748879edbe8cca140940788163d7be4d2a2e46a,62.308819987123584
0x6e672468c5ebcf0879f33d9eb55b102b79b6f97c,62.308819987123584
0xd04b5f64cc6f01b89bcf05c8d2286e9ba744ef85,62.308819987123584
0x196b34d314828d462368c4542a73a435deff9c77,62.308819987123584
0x84a84f48ebbafcf5be5df22e9434544358049cf7,62.308819987123584
0x6685496591e9ad1ccd39dd1edd4eb33dfa0b932f,62.308819987123584
0x792d7c4974bd7ad17258881d71ac1ed21767a2b6,62.308819987123584
0x6093a3f00485bce20484b31207939b52b7cffbbb,62.308819987123584
0x5356eb3a1c4b0eee475bbbff59f64d6f4157a796,62.308819987123584
0x1668d90d79b720fc6e35a5947d374aeeab1d2297,62.308819987123584
0x20aff1f9bce6b399a944974340e3649c341ddafb,62.308819987123584
0x2b3d0387a90069d5f9c1e4eae5d520ca4ba85ccd,62.308819987123584
0x394dde6485ab447a3986073d94faa316aba1e466,62.308819987123584
0x14946151b4f04f397a137643e6581c5ff9b9ae3b,62.308819987123584
0x833ca37692e878adfad34d10c8bf211915c3f9dd,62.308819987123584
0x4c13f91245a78b953cedd4f01e0285ceeb714d0d,62.308819987123584
0x47d9f96f2e38eb0a22fa611d03e32c83b07d80ec,62.308819987123584
0x0e7357cf17c91dba0b2bb4992c7a18c6138e1222,62.308818563869885
0xe7f1767ded1b44e28875a2e78b2c48f4a17b8f68,62.30879006884494
0x8135cf0154795e0dfc26f25a53d80ca5e05b2382,62.308387654833
0x24c8d541b63b38acc56bf4001e307ddd93a74741,62.30836765677373
0xfceb897f8346c36392cd5093ef9b2254d80524a0,62.30834553679597
0x750009331e42431cc911e322ae30cda10196ff6b,62.306607679669966
0x49d6911580dd0fe54f68dda3a3448e73cb62525f,62.30509644756992
0xfd779b401f3b255d645b00ac6f2c526948678fa9,62.30479440479459
0x138b03da5c5f7403fb1a9e9a272767468cd60571,62.30373119430807
0xf03a7c8de98e9c03176cb337c2a9db9f37d24c22,62.30240335363935
0x1c147aa7cf23c536a029830cce5308377382bcdc,62.30175323457699
0x5a3aedf89927e5b29e24b496986681afce32a1a0,62.30086931119867
0x7a61d61c0eb0e6463af9ece0c6cbaa8eb657d1b8,62.299068535558234
0x278261c4545d65a81ec449945e83a236666b64f5,62.298047925835974
0xce06cd88c29f46996be81419aef87b7ee80fbdf9,62.2970135122487
0x8eaaebb107b1e77d9929bc78a8130e0efad50c6a,62.29696197793912
